{
    "loss": 0.3589673638343811,
    "accuracy": 0.8389830589294434
}